date,customer_name,customer_email,product_name,product_category,quantity,unit_price,total,sales_rep_name,region
2024-01-01,Coastal Logistics,buying@coastallogistics.com,Conference Table 8-Person,Furniture,14,899.99,12599.86,Sarah Mitchell,West
2024-01-01,Pacific Design Studio,hello@pacificdesign.co,Tea Assortment (100 bags),Break Room,17,18.99,322.83,Lisa Nakamura,South
2024-01-02,Phoenix Legal Group,admin@phoenixlegal.com,Ballpoint Pens (box of 50),Office Supplies,13,18.5,240.5,Maria Santos,East
2024-01-05,Bay Area Robotics,lab@bayarearobotics.com,Disposable Cups (200 count),Break Room,9,15.99,143.91,Lisa Nakamura,South
2024-01-06,Starlight Events,planning@starlightevents.com,Noise-Canceling Headphones,Electronics,18,199.99,3599.82,Jennifer Walsh,Central
2024-01-07,Valley View Winery,office@valleyviewwine.com,Tea Assortment (100 bags),Break Room,4,18.99,75.96,Thomas Anderson,South
2024-01-08,Pinnacle Consulting,office@pinnacleconsult.com,Wireless Keyboard and Mouse Combo,Electronics,10,59.99,599.9,Maria Santos,East
2024-01-08,Evergreen Hotels,purchasing@evergreenhotels.com,Ergonomic Office Chair,Furniture,18,349.99,6299.82,Jennifer Walsh,Central
2024-01-10,Valley View Winery,office@valleyviewwine.com,Snack Variety Box (40 count),Break Room,14,39.99,559.86,Sarah Mitchell,West
2024-01-10,Diamond Auto Group,parts@diamondauto.com,Noise-Canceling Headphones,Electronics,3,199.99,599.97,Sarah Mitchell,West
2024-01-10,Pinnacle Consulting,office@pinnacleconsult.com,Ballpoint Pens (box of 50),Office Supplies,7,18.5,129.5,David Park,West
2024-01-12,Blue Ridge Farms,office@blueridgefarms.com,Wireless Keyboard and Mouse Combo,Electronics,10,59.99,599.9,Jennifer Walsh,Central
2024-01-12,Maple Creek Bakery,orders@maplecreek.com,All-Purpose Cleaner (gallon),Cleaning Supplies,16,12.99,207.84,Jennifer Walsh,Central
2024-01-13,Silverline Media,production@silverlinemedia.com,Filing Cabinet 4-Drawer,Furniture,8,229.99,1839.92,Robert Chen,East
2024-01-15,Starlight Events,planning@starlightevents.com,Disposable Cups (200 count),Break Room,11,15.99,175.89,Lisa Nakamura,South
2024-01-17,Evergreen Hotels,purchasing@evergreenhotels.com,Disinfecting Wipes (4 pack),Cleaning Supplies,10,28.99,289.9,Thomas Anderson,South
2024-01-17,Pacific Design Studio,hello@pacificdesign.co,All-Purpose Cleaner (gallon),Cleaning Supplies,9,12.99,116.91,Lisa Nakamura,South
2024-01-18,Metro Dental Clinic,office@metrodental.com,Ballpoint Pens (box of 50),Office Supplies,15,18.5,277.5,Jennifer Walsh,Central
2024-01-19,Phoenix Legal Group,admin@phoenixlegal.com,Water Filter Pitcher,Break Room,18,29.99,539.82,Maria Santos,East
2024-01-19,Diamond Auto Group,parts@diamondauto.com,Filing Cabinet 4-Drawer,Furniture,18,229.99,4139.82,Lisa Nakamura,South
2024-01-19,Prairie Wind Energy,supplies@prairiewind.com,Break Room Coffee (5 lb),Break Room,16,34.99,559.84,Maria Santos,East
2024-01-19,Evergreen Hotels,purchasing@evergreenhotels.com,Tea Assortment (100 bags),Break Room,18,18.99,341.82,Thomas Anderson,South
2024-01-20,Prairie Wind Energy,supplies@prairiewind.com,Water Filter Pitcher,Break Room,13,29.99,389.87,David Park,West
2024-01-20,Green Valley Foods,supply@greenvalley.com,Filing Cabinet 4-Drawer,Furniture,15,229.99,3449.85,Thomas Anderson,South
2024-01-21,Starlight Events,planning@starlightevents.com,Paper Towels (12 rolls),Cleaning Supplies,17,22.99,390.83,Lisa Nakamura,South
2024-01-22,Horizon Media Group,buying@horizonmg.com,Filing Cabinet 4-Drawer,Furniture,19,229.99,4369.81,David Park,West
2024-01-22,Starlight Events,planning@starlightevents.com,Snack Variety Box (40 count),Break Room,19,39.99,759.81,Michael Brown,Central
2024-01-23,Redwood Manufacturing,orders@redwoodmfg.com,Water Filter Pitcher,Break Room,15,29.99,449.85,Maria Santos,East
2024-01-24,Evergreen Hotels,purchasing@evergreenhotels.com,Hand Sanitizer (pump bottle),Cleaning Supplies,9,8.99,80.91,Maria Santos,East
2024-01-24,Northwind Traders,orders@northwind.com,Wireless Keyboard and Mouse Combo,Electronics,12,59.99,719.88,Lisa Nakamura,South
2024-01-25,Summit Healthcare,procurement@summithealth.org,Paper Towels (12 rolls),Cleaning Supplies,3,22.99,68.97,Thomas Anderson,South
2024-01-26,TechStart Inc,orders@techstart.io,Snack Variety Box (40 count),Break Room,2,39.99,79.98,Michael Brown,Central
2024-01-26,Frontier Analytics,ops@frontieranalytics.com,Sticky Notes Assorted (12 pack),Office Supplies,6,14.99,89.94,Thomas Anderson,South
2024-01-27,Prairie Wind Energy,supplies@prairiewind.com,Disinfecting Wipes (4 pack),Cleaning Supplies,9,28.99,260.91,Maria Santos,East
2024-01-28,Cascade Solutions,procurement@cascadesol.com,Hand Sanitizer (pump bottle),Cleaning Supplies,14,8.99,125.86,Thomas Anderson,South
2024-01-28,Phoenix Legal Group,admin@phoenixlegal.com,Wireless Keyboard and Mouse Combo,Electronics,14,59.99,839.86,Sarah Mitchell,West
2024-01-29,Oakwood Properties,maintenance@oakwoodprop.com,Conference Table 8-Person,Furniture,11,899.99,9899.89,Robert Chen,East
2024-01-29,Atlas Engineering,supplies@atlaseng.com,Standard Copy Paper (5000 sheets),Office Supplies,11,42.99,472.89,Sarah Mitchell,West
2024-02-01,Maple Creek Bakery,orders@maplecreek.com,Snack Variety Box (40 count),Break Room,4,39.99,159.96,Sarah Mitchell,West
2024-02-02,Maple Creek Bakery,orders@maplecreek.com,Manila Folders (100 pack),Office Supplies,8,24.99,199.92,Robert Chen,East
2024-02-02,Pinnacle Consulting,office@pinnacleconsult.com,USB-C Docking Station,Electronics,7,149.99,1049.93,Maria Santos,East
2024-02-02,Diamond Auto Group,parts@diamondauto.com,Break Room Coffee (5 lb),Break Room,5,34.99,174.95,Maria Santos,East
2024-02-03,Cascade Solutions,procurement@cascadesol.com,Disinfecting Wipes (4 pack),Cleaning Supplies,11,28.99,318.89,Sarah Mitchell,West
2024-02-04,Acme Corp,purchasing@acmecorp.com,Printer Toner Cartridge,Office Supplies,8,89.99,719.92,Sarah Mitchell,West
2024-02-04,Green Valley Foods,supply@greenvalley.com,Ergonomic Office Chair,Furniture,20,349.99,6999.8,David Park,West
2024-02-05,Silverline Media,production@silverlinemedia.com,Hand Sanitizer (pump bottle),Cleaning Supplies,12,8.99,107.88,Lisa Nakamura,South
2024-02-06,Pinnacle Consulting,office@pinnacleconsult.com,Filing Cabinet 4-Drawer,Furniture,15,229.99,3449.85,Jennifer Walsh,Central
2024-02-07,Pacific Design Studio,hello@pacificdesign.co,Printer Toner Cartridge,Office Supplies,16,89.99,1439.84,Lisa Nakamura,South
2024-02-08,Redwood Manufacturing,orders@redwoodmfg.com,Conference Table 8-Person,Furniture,8,899.99,7199.92,Thomas Anderson,South
2024-02-08,Frontier Analytics,ops@frontieranalytics.com,Hand Sanitizer (pump bottle),Cleaning Supplies,4,8.99,35.96,Sarah Mitchell,West
2024-02-08,Cascade Solutions,procurement@cascadesol.com,USB-C Docking Station,Electronics,7,149.99,1049.93,Lisa Nakamura,South
2024-02-08,Starlight Events,planning@starlightevents.com,Webcam HD 1080p,Electronics,2,79.99,159.98,Jennifer Walsh,Central
2024-02-09,Metro Dental Clinic,office@metrodental.com,Bookshelf 5-Tier,Furniture,15,159.99,2399.85,Jennifer Walsh,Central
2024-02-10,Pinnacle Consulting,office@pinnacleconsult.com,Ballpoint Pens (box of 50),Office Supplies,19,18.5,351.5,Robert Chen,East
2024-02-10,Prairie Wind Energy,supplies@prairiewind.com,Ergonomic Office Chair,Furniture,6,349.99,2099.94,Maria Santos,East
2024-02-11,Pinnacle Consulting,office@pinnacleconsult.com,Trash Bags (100 count),Cleaning Supplies,20,19.99,399.8,Sarah Mitchell,West
2024-02-11,Zenith Software,it@zenithsw.com,Hand Sanitizer (pump bottle),Cleaning Supplies,15,8.99,134.85,Thomas Anderson,South
2024-02-11,Northwind Traders,orders@northwind.com,Disposable Cups (200 count),Break Room,11,15.99,175.89,Maria Santos,East
2024-02-12,Evergreen Hotels,purchasing@evergreenhotels.com,Paper Towels (12 rolls),Cleaning Supplies,10,22.99,229.9,David Park,West
2024-02-14,Pinnacle Consulting,office@pinnacleconsult.com,Sticky Notes Assorted (12 pack),Office Supplies,18,14.99,269.82,David Park,West
2024-02-16,Harbor View Restaurant,manager@harborview.com,Standing Desk Converter,Furniture,15,279.99,4199.85,David Park,West
2024-02-16,Summit Healthcare,procurement@summithealth.org,Disposable Cups (200 count),Break Room,3,15.99,47.97,Thomas Anderson,South
2024-02-16,Oakwood Properties,maintenance@oakwoodprop.com,Printer Toner Cartridge,Office Supplies,1,89.99,89.99,Maria Santos,East
2024-02-17,Blue Ridge Farms,office@blueridgefarms.com,Webcam HD 1080p,Electronics,1,79.99,79.99,Sarah Mitchell,West
2024-02-17,Metro Dental Clinic,office@metrodental.com,27-inch LED Monitor,Electronics,17,319.99,5439.83,Maria Santos,East
2024-02-18,Bay Area Robotics,lab@bayarearobotics.com,Noise-Canceling Headphones,Electronics,14,199.99,2799.86,Lisa Nakamura,South
2024-02-19,Prairie Wind Energy,supplies@prairiewind.com,Webcam HD 1080p,Electronics,4,79.99,319.96,Robert Chen,East
2024-02-19,Bay Area Robotics,lab@bayarearobotics.com,Printer Toner Cartridge,Office Supplies,14,89.99,1259.86,David Park,West
2024-02-19,Harbor View Restaurant,manager@harborview.com,Noise-Canceling Headphones,Electronics,5,199.99,999.95,Robert Chen,East
2024-02-20,Atlas Engineering,supplies@atlaseng.com,Trash Bags (100 count),Cleaning Supplies,20,19.99,399.8,Sarah Mitchell,West
2024-02-21,Summit Healthcare,procurement@summithealth.org,Sticky Notes Assorted (12 pack),Office Supplies,10,14.99,149.9,David Park,West
2024-02-22,Zenith Software,it@zenithsw.com,Sticky Notes Assorted (12 pack),Office Supplies,15,14.99,224.85,Sarah Mitchell,West
2024-02-22,Metro Dental Clinic,office@metrodental.com,All-Purpose Cleaner (gallon),Cleaning Supplies,18,12.99,233.82,Michael Brown,Central
2024-02-22,Starlight Events,planning@starlightevents.com,Ergonomic Office Chair,Furniture,11,349.99,3849.89,Jennifer Walsh,Central
2024-02-24,Zenith Software,it@zenithsw.com,Tea Assortment (100 bags),Break Room,17,18.99,322.83,Maria Santos,East
2024-02-24,Oakwood Properties,maintenance@oakwoodprop.com,Bookshelf 5-Tier,Furniture,1,159.99,159.99,Maria Santos,East
2024-02-26,Summit Healthcare,procurement@summithealth.org,Hand Sanitizer (pump bottle),Cleaning Supplies,6,8.99,53.94,Jennifer Walsh,Central
2024-02-26,Metro Dental Clinic,office@metrodental.com,Disinfecting Wipes (4 pack),Cleaning Supplies,3,28.99,86.97,Thomas Anderson,South
2024-02-28,Golden Gate Fitness,supplies@ggfitness.com,Webcam HD 1080p,Electronics,8,79.99,639.92,David Park,West
2024-02-28,Blue Ridge Farms,office@blueridgefarms.com,USB-C Docking Station,Electronics,10,149.99,1499.9,Lisa Nakamura,South
2024-02-29,Zenith Software,it@zenithsw.com,USB-C Docking Station,Electronics,1,149.99,149.99,Michael Brown,Central
2024-02-29,Bay Area Robotics,lab@bayarearobotics.com,Noise-Canceling Headphones,Electronics,14,199.99,2799.86,Jennifer Walsh,Central
2024-03-01,Diamond Auto Group,parts@diamondauto.com,Paper Towels (12 rolls),Cleaning Supplies,18,22.99,413.82,Lisa Nakamura,South
2024-03-02,Pacific Design Studio,hello@pacificdesign.co,Snack Variety Box (40 count),Break Room,11,39.99,439.89,Robert Chen,East
2024-03-03,Starlight Events,planning@starlightevents.com,Filing Cabinet 4-Drawer,Furniture,7,229.99,1609.93,Thomas Anderson,South
2024-03-03,Pacific Design Studio,hello@pacificdesign.co,27-inch LED Monitor,Electronics,15,319.99,4799.85,Robert Chen,East
2024-03-03,Silverline Media,production@silverlinemedia.com,Hand Sanitizer (pump bottle),Cleaning Supplies,10,8.99,89.9,Jennifer Walsh,Central
2024-03-04,Prairie Wind Energy,supplies@prairiewind.com,Ballpoint Pens (box of 50),Office Supplies,18,18.5,333.0,Thomas Anderson,South
2024-03-04,Northwind Traders,orders@northwind.com,Trash Bags (100 count),Cleaning Supplies,15,19.99,299.85,Jennifer Walsh,Central
2024-03-05,Bay Area Robotics,lab@bayarearobotics.com,Standard Copy Paper (5000 sheets),Office Supplies,8,42.99,343.92,Maria Santos,East
2024-03-05,Valley View Winery,office@valleyviewwine.com,Disinfecting Wipes (4 pack),Cleaning Supplies,2,28.99,57.98,Thomas Anderson,South
2024-03-06,Bay Area Robotics,lab@bayarearobotics.com,Wireless Keyboard and Mouse Combo,Electronics,14,59.99,839.86,Maria Santos,East
2024-03-07,Blue Ridge Farms,office@blueridgefarms.com,Wireless Keyboard and Mouse Combo,Electronics,18,59.99,1079.82,Thomas Anderson,South
2024-03-09,Zenith Software,it@zenithsw.com,Standard Copy Paper (5000 sheets),Office Supplies,4,42.99,171.96,Jennifer Walsh,Central
2024-03-10,Pacific Design Studio,hello@pacificdesign.co,Manila Folders (100 pack),Office Supplies,18,24.99,449.82,Robert Chen,East
2024-03-11,Crystal Clear Optics,orders@crystalclear.com,Manila Folders (100 pack),Office Supplies,5,24.99,124.95,Michael Brown,Central
2024-03-11,Silverline Media,production@silverlinemedia.com,Noise-Canceling Headphones,Electronics,19,199.99,3799.81,David Park,West
2024-03-13,Pinnacle Consulting,office@pinnacleconsult.com,Break Room Coffee (5 lb),Break Room,9,34.99,314.91,Maria Santos,East
2024-03-14,Pacific Design Studio,hello@pacificdesign.co,Paper Towels (12 rolls),Cleaning Supplies,1,22.99,22.99,Thomas Anderson,South
2024-03-14,Prairie Wind Energy,supplies@prairiewind.com,Snack Variety Box (40 count),Break Room,1,39.99,39.99,Maria Santos,East
2024-03-15,Diamond Auto Group,parts@diamondauto.com,Bookshelf 5-Tier,Furniture,18,159.99,2879.82,Thomas Anderson,South
2024-03-15,Atlas Engineering,supplies@atlaseng.com,Wireless Keyboard and Mouse Combo,Electronics,14,59.99,839.86,Michael Brown,Central
2024-03-15,Horizon Media Group,buying@horizonmg.com,Sticky Notes Assorted (12 pack),Office Supplies,9,14.99,134.91,Sarah Mitchell,West
2024-03-15,Bay Area Robotics,lab@bayarearobotics.com,Sticky Notes Assorted (12 pack),Office Supplies,4,14.99,59.96,Robert Chen,East
2024-03-16,Cascade Solutions,procurement@cascadesol.com,Filing Cabinet 4-Drawer,Furniture,7,229.99,1609.93,Robert Chen,East
2024-03-17,Blue Ridge Farms,office@blueridgefarms.com,Break Room Coffee (5 lb),Break Room,5,34.99,174.95,Sarah Mitchell,West
2024-03-18,Brightpath Education,admin@brightpath.edu,Hand Sanitizer (pump bottle),Cleaning Supplies,5,8.99,44.95,David Park,West
2024-03-18,Metro Dental Clinic,office@metrodental.com,Disinfecting Wipes (4 pack),Cleaning Supplies,11,28.99,318.89,Michael Brown,Central
2024-03-19,Harbor View Restaurant,manager@harborview.com,Standing Desk Converter,Furniture,20,279.99,5599.8,Maria Santos,East
2024-03-19,Crystal Clear Optics,orders@crystalclear.com,Ballpoint Pens (box of 50),Office Supplies,17,18.5,314.5,David Park,West
2024-03-20,Harbor View Restaurant,manager@harborview.com,Manila Folders (100 pack),Office Supplies,18,24.99,449.82,David Park,West
2024-03-20,Horizon Media Group,buying@horizonmg.com,Hand Sanitizer (pump bottle),Cleaning Supplies,20,8.99,179.8,Lisa Nakamura,South
2024-03-20,Northwind Traders,orders@northwind.com,27-inch LED Monitor,Electronics,2,319.99,639.98,David Park,West
2024-03-21,Green Valley Foods,supply@greenvalley.com,Hand Sanitizer (pump bottle),Cleaning Supplies,10,8.99,89.9,Jennifer Walsh,Central
2024-03-21,Horizon Media Group,buying@horizonmg.com,Sticky Notes Assorted (12 pack),Office Supplies,18,14.99,269.82,Sarah Mitchell,West
2024-03-22,Valley View Winery,office@valleyviewwine.com,Snack Variety Box (40 count),Break Room,9,39.99,359.91,Robert Chen,East
2024-03-24,Summit Healthcare,procurement@summithealth.org,Disinfecting Wipes (4 pack),Cleaning Supplies,5,28.99,144.95,Lisa Nakamura,South
2024-03-26,Golden Gate Fitness,supplies@ggfitness.com,Standard Copy Paper (5000 sheets),Office Supplies,8,42.99,343.92,David Park,West
2024-03-26,Maple Creek Bakery,orders@maplecreek.com,Water Filter Pitcher,Break Room,12,29.99,359.88,Jennifer Walsh,Central
2024-03-27,Northwind Traders,orders@northwind.com,27-inch LED Monitor,Electronics,11,319.99,3519.89,Robert Chen,East
2024-03-30,Prairie Wind Energy,supplies@prairiewind.com,Bookshelf 5-Tier,Furniture,1,159.99,159.99,Michael Brown,Central
2024-03-30,Pacific Design Studio,hello@pacificdesign.co,Standard Copy Paper (5000 sheets),Office Supplies,14,42.99,601.86,Thomas Anderson,South
2024-03-31,Metro Dental Clinic,office@metrodental.com,Noise-Canceling Headphones,Electronics,14,199.99,2799.86,Maria Santos,East
2024-04-02,Bay Area Robotics,lab@bayarearobotics.com,Water Filter Pitcher,Break Room,1,29.99,29.99,Jennifer Walsh,Central
2024-04-05,Harbor View Restaurant,manager@harborview.com,Bookshelf 5-Tier,Furniture,1,159.99,159.99,David Park,West
2024-04-07,Evergreen Hotels,purchasing@evergreenhotels.com,Snack Variety Box (40 count),Break Room,5,39.99,199.95,Thomas Anderson,South
2024-04-07,Evergreen Hotels,purchasing@evergreenhotels.com,Conference Table 8-Person,Furniture,17,899.99,15299.83,Sarah Mitchell,West
2024-04-08,Bay Area Robotics,lab@bayarearobotics.com,Break Room Coffee (5 lb),Break Room,19,34.99,664.81,Michael Brown,Central
2024-04-11,Coastal Logistics,buying@coastallogistics.com,Bookshelf 5-Tier,Furniture,18,159.99,2879.82,Sarah Mitchell,West
2024-04-11,Silverline Media,production@silverlinemedia.com,27-inch LED Monitor,Electronics,5,319.99,1599.95,Michael Brown,Central
2024-04-12,TechStart Inc,orders@techstart.io,Tea Assortment (100 bags),Break Room,8,18.99,151.92,Sarah Mitchell,West
2024-04-12,Brightpath Education,admin@brightpath.edu,Snack Variety Box (40 count),Break Room,6,39.99,239.94,Lisa Nakamura,South
2024-04-12,Horizon Media Group,buying@horizonmg.com,USB-C Docking Station,Electronics,6,149.99,899.94,Lisa Nakamura,South
2024-04-13,Harbor View Restaurant,manager@harborview.com,Snack Variety Box (40 count),Break Room,7,39.99,279.93,Thomas Anderson,South
2024-04-14,Frontier Analytics,ops@frontieranalytics.com,Disposable Cups (200 count),Break Room,9,15.99,143.91,Michael Brown,Central
2024-04-14,Harbor View Restaurant,manager@harborview.com,Filing Cabinet 4-Drawer,Furniture,11,229.99,2529.89,Robert Chen,East
2024-04-18,Diamond Auto Group,parts@diamondauto.com,27-inch LED Monitor,Electronics,16,319.99,5119.84,Maria Santos,East
2024-04-18,TechStart Inc,orders@techstart.io,Standard Copy Paper (5000 sheets),Office Supplies,10,42.99,429.9,Robert Chen,East
2024-04-19,Acme Corp,purchasing@acmecorp.com,Wireless Keyboard and Mouse Combo,Electronics,6,59.99,359.94,Jennifer Walsh,Central
2024-04-19,Harbor View Restaurant,manager@harborview.com,Tea Assortment (100 bags),Break Room,15,18.99,284.85,Jennifer Walsh,Central
2024-04-20,Frontier Analytics,ops@frontieranalytics.com,27-inch LED Monitor,Electronics,5,319.99,1599.95,Jennifer Walsh,Central
2024-04-20,Northwind Traders,orders@northwind.com,Hand Sanitizer (pump bottle),Cleaning Supplies,7,8.99,62.93,Maria Santos,East
2024-04-20,Frontier Analytics,ops@frontieranalytics.com,Manila Folders (100 pack),Office Supplies,18,24.99,449.82,David Park,West
2024-04-20,Green Valley Foods,supply@greenvalley.com,USB-C Docking Station,Electronics,8,149.99,1199.92,Thomas Anderson,South
2024-04-21,Diamond Auto Group,parts@diamondauto.com,Disposable Cups (200 count),Break Room,19,15.99,303.81,David Park,West
2024-04-22,Phoenix Legal Group,admin@phoenixlegal.com,Trash Bags (100 count),Cleaning Supplies,12,19.99,239.88,Lisa Nakamura,South
2024-04-22,Brightpath Education,admin@brightpath.edu,Standard Copy Paper (5000 sheets),Office Supplies,19,42.99,816.81,Robert Chen,East
2024-04-22,Valley View Winery,office@valleyviewwine.com,Webcam HD 1080p,Electronics,16,79.99,1279.84,Robert Chen,East
2024-04-23,Prairie Wind Energy,supplies@prairiewind.com,Standard Copy Paper (5000 sheets),Office Supplies,10,42.99,429.9,David Park,West
2024-04-24,Zenith Software,it@zenithsw.com,Standing Desk Converter,Furniture,16,279.99,4479.84,Maria Santos,East
2024-04-25,Pacific Design Studio,hello@pacificdesign.co,Tea Assortment (100 bags),Break Room,19,18.99,360.81,Jennifer Walsh,Central
2024-04-25,Brightpath Education,admin@brightpath.edu,Tea Assortment (100 bags),Break Room,7,18.99,132.93,Thomas Anderson,South
2024-04-25,Pinnacle Consulting,office@pinnacleconsult.com,Bookshelf 5-Tier,Furniture,17,159.99,2719.83,Sarah Mitchell,West
2024-04-26,Starlight Events,planning@starlightevents.com,Printer Toner Cartridge,Office Supplies,10,89.99,899.9,Robert Chen,East
2024-04-28,Maple Creek Bakery,orders@maplecreek.com,Conference Table 8-Person,Furniture,9,899.99,8099.91,Jennifer Walsh,Central
2024-04-30,Zenith Software,it@zenithsw.com,Disposable Cups (200 count),Break Room,3,15.99,47.97,Michael Brown,Central
2024-05-01,Zenith Software,it@zenithsw.com,Webcam HD 1080p,Electronics,10,79.99,799.9,David Park,West
2024-05-01,Pinnacle Consulting,office@pinnacleconsult.com,Manila Folders (100 pack),Office Supplies,5,24.99,124.95,Robert Chen,East
2024-05-02,Diamond Auto Group,parts@diamondauto.com,Manila Folders (100 pack),Office Supplies,20,24.99,499.8,Sarah Mitchell,West
2024-05-05,Metro Dental Clinic,office@metrodental.com,Manila Folders (100 pack),Office Supplies,9,24.99,224.91,Sarah Mitchell,West
2024-05-05,Golden Gate Fitness,supplies@ggfitness.com,Filing Cabinet 4-Drawer,Furniture,16,229.99,3679.84,Jennifer Walsh,Central
2024-05-07,Oakwood Properties,maintenance@oakwoodprop.com,Snack Variety Box (40 count),Break Room,4,39.99,159.96,Michael Brown,Central
2024-05-07,Zenith Software,it@zenithsw.com,Noise-Canceling Headphones,Electronics,18,199.99,3599.82,Sarah Mitchell,West
2024-05-07,Prairie Wind Energy,supplies@prairiewind.com,Trash Bags (100 count),Cleaning Supplies,3,19.99,59.97,Jennifer Walsh,Central
2024-05-08,Pinnacle Consulting,office@pinnacleconsult.com,Break Room Coffee (5 lb),Break Room,20,34.99,699.8,Robert Chen,East
2024-05-08,Pinnacle Consulting,office@pinnacleconsult.com,Wireless Keyboard and Mouse Combo,Electronics,3,59.99,179.97,Jennifer Walsh,Central
2024-05-09,Brightpath Education,admin@brightpath.edu,Manila Folders (100 pack),Office Supplies,10,24.99,249.9,Lisa Nakamura,South
2024-05-09,TechStart Inc,orders@techstart.io,Break Room Coffee (5 lb),Break Room,12,34.99,419.88,Lisa Nakamura,South
2024-05-12,Phoenix Legal Group,admin@phoenixlegal.com,Ergonomic Office Chair,Furniture,15,349.99,5249.85,Thomas Anderson,South
2024-05-14,Frontier Analytics,ops@frontieranalytics.com,Ergonomic Office Chair,Furniture,1,349.99,349.99,Thomas Anderson,South
2024-05-15,Pacific Design Studio,hello@pacificdesign.co,Wireless Keyboard and Mouse Combo,Electronics,20,59.99,1199.8,Michael Brown,Central
2024-05-15,Diamond Auto Group,parts@diamondauto.com,USB-C Docking Station,Electronics,5,149.99,749.95,Thomas Anderson,South
2024-05-15,Cascade Solutions,procurement@cascadesol.com,Water Filter Pitcher,Break Room,8,29.99,239.92,Michael Brown,Central
2024-05-15,Phoenix Legal Group,admin@phoenixlegal.com,Conference Table 8-Person,Furniture,19,899.99,17099.81,Maria Santos,East
2024-05-15,Silverline Media,production@silverlinemedia.com,Printer Toner Cartridge,Office Supplies,1,89.99,89.99,Lisa Nakamura,South
2024-05-15,Acme Corp,purchasing@acmecorp.com,Manila Folders (100 pack),Office Supplies,5,24.99,124.95,Lisa Nakamura,South
2024-05-16,Cascade Solutions,procurement@cascadesol.com,Snack Variety Box (40 count),Break Room,18,39.99,719.82,David Park,West
2024-05-16,Metro Dental Clinic,office@metrodental.com,Noise-Canceling Headphones,Electronics,7,199.99,1399.93,Sarah Mitchell,West
2024-05-16,Horizon Media Group,buying@horizonmg.com,Webcam HD 1080p,Electronics,17,79.99,1359.83,Michael Brown,Central
2024-05-16,Evergreen Hotels,purchasing@evergreenhotels.com,All-Purpose Cleaner (gallon),Cleaning Supplies,17,12.99,220.83,Michael Brown,Central
2024-05-17,Pinnacle Consulting,office@pinnacleconsult.com,Ballpoint Pens (box of 50),Office Supplies,13,18.5,240.5,Michael Brown,Central
2024-05-19,Maple Creek Bakery,orders@maplecreek.com,Water Filter Pitcher,Break Room,13,29.99,389.87,Jennifer Walsh,Central
2024-05-19,Redwood Manufacturing,orders@redwoodmfg.com,Tea Assortment (100 bags),Break Room,3,18.99,56.97,Sarah Mitchell,West
2024-05-19,Valley View Winery,office@valleyviewwine.com,Tea Assortment (100 bags),Break Room,11,18.99,208.89,Sarah Mitchell,West
2024-05-20,Starlight Events,planning@starlightevents.com,Sticky Notes Assorted (12 pack),Office Supplies,5,14.99,74.95,David Park,West
2024-05-21,Harbor View Restaurant,manager@harborview.com,Ballpoint Pens (box of 50),Office Supplies,14,18.5,259.0,David Park,West
2024-05-21,Oakwood Properties,maintenance@oakwoodprop.com,Standing Desk Converter,Furniture,3,279.99,839.97,Maria Santos,East
2024-05-22,Green Valley Foods,supply@greenvalley.com,Bookshelf 5-Tier,Furniture,13,159.99,2079.87,David Park,West
2024-05-22,Cascade Solutions,procurement@cascadesol.com,Standing Desk Converter,Furniture,11,279.99,3079.89,Lisa Nakamura,South
2024-05-22,Harbor View Restaurant,manager@harborview.com,27-inch LED Monitor,Electronics,3,319.99,959.97,Robert Chen,East
2024-05-24,Cascade Solutions,procurement@cascadesol.com,Trash Bags (100 count),Cleaning Supplies,15,19.99,299.85,Thomas Anderson,South
2024-05-24,Blue Ridge Farms,office@blueridgefarms.com,Wireless Keyboard and Mouse Combo,Electronics,2,59.99,119.98,Sarah Mitchell,West
2024-05-25,Phoenix Legal Group,admin@phoenixlegal.com,Printer Toner Cartridge,Office Supplies,12,89.99,1079.88,Robert Chen,East
2024-05-25,Prairie Wind Energy,supplies@prairiewind.com,Snack Variety Box (40 count),Break Room,3,39.99,119.97,Maria Santos,East
2024-05-25,Pacific Design Studio,hello@pacificdesign.co,Wireless Keyboard and Mouse Combo,Electronics,4,59.99,239.96,Lisa Nakamura,South
2024-05-26,Atlas Engineering,supplies@atlaseng.com,USB-C Docking Station,Electronics,10,149.99,1499.9,Sarah Mitchell,West
2024-05-27,Harbor View Restaurant,manager@harborview.com,Disposable Cups (200 count),Break Room,15,15.99,239.85,Sarah Mitchell,West
2024-05-27,Silverline Media,production@silverlinemedia.com,Disposable Cups (200 count),Break Room,2,15.99,31.98,Lisa Nakamura,South
2024-05-27,Horizon Media Group,buying@horizonmg.com,Sticky Notes Assorted (12 pack),Office Supplies,2,14.99,29.98,Jennifer Walsh,Central
2024-05-28,Evergreen Hotels,purchasing@evergreenhotels.com,Printer Toner Cartridge,Office Supplies,8,89.99,719.92,Sarah Mitchell,West
2024-05-29,Maple Creek Bakery,orders@maplecreek.com,Manila Folders (100 pack),Office Supplies,16,24.99,399.84,Maria Santos,East
2024-05-30,Crystal Clear Optics,orders@crystalclear.com,USB-C Docking Station,Electronics,18,149.99,2699.82,David Park,West
2024-05-30,Horizon Media Group,buying@horizonmg.com,Break Room Coffee (5 lb),Break Room,4,34.99,139.96,Michael Brown,Central
2024-05-30,Evergreen Hotels,purchasing@evergreenhotels.com,Tea Assortment (100 bags),Break Room,2,18.99,37.98,Thomas Anderson,South
2024-05-31,Starlight Events,planning@starlightevents.com,Filing Cabinet 4-Drawer,Furniture,7,229.99,1609.93,David Park,West
2024-05-31,Blue Ridge Farms,office@blueridgefarms.com,Wireless Keyboard and Mouse Combo,Electronics,3,59.99,179.97,Maria Santos,East
2024-06-02,Zenith Software,it@zenithsw.com,Paper Towels (12 rolls),Cleaning Supplies,19,22.99,436.81,Thomas Anderson,South
2024-06-03,Pinnacle Consulting,office@pinnacleconsult.com,Disinfecting Wipes (4 pack),Cleaning Supplies,17,28.99,492.83,Sarah Mitchell,West
2024-06-06,Diamond Auto Group,parts@diamondauto.com,Standard Copy Paper (5000 sheets),Office Supplies,12,42.99,515.88,David Park,West
2024-06-07,Cascade Solutions,procurement@cascadesol.com,Manila Folders (100 pack),Office Supplies,17,24.99,424.83,Jennifer Walsh,Central
2024-06-07,Oakwood Properties,maintenance@oakwoodprop.com,Paper Towels (12 rolls),Cleaning Supplies,13,22.99,298.87,David Park,West
2024-06-07,Blue Ridge Farms,office@blueridgefarms.com,Disposable Cups (200 count),Break Room,12,15.99,191.88,Maria Santos,East
2024-06-08,Starlight Events,planning@starlightevents.com,Disinfecting Wipes (4 pack),Cleaning Supplies,6,28.99,173.94,David Park,West
2024-06-08,Maple Creek Bakery,orders@maplecreek.com,27-inch LED Monitor,Electronics,12,319.99,3839.88,Maria Santos,East
2024-06-09,TechStart Inc,orders@techstart.io,Manila Folders (100 pack),Office Supplies,12,24.99,299.88,Lisa Nakamura,South
2024-06-09,Green Valley Foods,supply@greenvalley.com,Disposable Cups (200 count),Break Room,20,15.99,319.8,Michael Brown,Central
2024-06-09,Pinnacle Consulting,office@pinnacleconsult.com,Ergonomic Office Chair,Furniture,19,349.99,6649.81,Michael Brown,Central
2024-06-10,Oakwood Properties,maintenance@oakwoodprop.com,Sticky Notes Assorted (12 pack),Office Supplies,15,14.99,224.85,Jennifer Walsh,Central
2024-06-10,Coastal Logistics,buying@coastallogistics.com,Ballpoint Pens (box of 50),Office Supplies,2,18.5,37.0,Robert Chen,East
2024-06-11,Pinnacle Consulting,office@pinnacleconsult.com,Tea Assortment (100 bags),Break Room,2,18.99,37.98,Lisa Nakamura,South
2024-06-11,Horizon Media Group,buying@horizonmg.com,Webcam HD 1080p,Electronics,5,79.99,399.95,David Park,West
2024-06-12,Green Valley Foods,supply@greenvalley.com,Wireless Keyboard and Mouse Combo,Electronics,1,59.99,59.99,Robert Chen,East
2024-06-13,Horizon Media Group,buying@horizonmg.com,Hand Sanitizer (pump bottle),Cleaning Supplies,15,8.99,134.85,Lisa Nakamura,South
2024-06-13,Evergreen Hotels,purchasing@evergreenhotels.com,Noise-Canceling Headphones,Electronics,3,199.99,599.97,David Park,West
2024-06-14,Horizon Media Group,buying@horizonmg.com,Paper Towels (12 rolls),Cleaning Supplies,20,22.99,459.8,Sarah Mitchell,West
2024-06-14,Maple Creek Bakery,orders@maplecreek.com,Printer Toner Cartridge,Office Supplies,9,89.99,809.91,Michael Brown,Central
2024-06-16,Horizon Media Group,buying@horizonmg.com,Sticky Notes Assorted (12 pack),Office Supplies,10,14.99,149.9,Jennifer Walsh,Central
2024-06-17,Coastal Logistics,buying@coastallogistics.com,Trash Bags (100 count),Cleaning Supplies,8,19.99,159.92,Robert Chen,East
2024-06-19,Cascade Solutions,procurement@cascadesol.com,Standing Desk Converter,Furniture,2,279.99,559.98,Sarah Mitchell,West
2024-06-19,Pinnacle Consulting,office@pinnacleconsult.com,Snack Variety Box (40 count),Break Room,19,39.99,759.81,David Park,West
2024-06-20,Evergreen Hotels,purchasing@evergreenhotels.com,Filing Cabinet 4-Drawer,Furniture,9,229.99,2069.91,Robert Chen,East
2024-06-21,Starlight Events,planning@starlightevents.com,Snack Variety Box (40 count),Break Room,19,39.99,759.81,Jennifer Walsh,Central
2024-06-22,Frontier Analytics,ops@frontieranalytics.com,Noise-Canceling Headphones,Electronics,14,199.99,2799.86,Robert Chen,East
2024-06-22,Crystal Clear Optics,orders@crystalclear.com,Filing Cabinet 4-Drawer,Furniture,14,229.99,3219.86,Lisa Nakamura,South
2024-06-22,Summit Healthcare,procurement@summithealth.org,Ballpoint Pens (box of 50),Office Supplies,18,18.5,333.0,Michael Brown,Central
2024-06-23,Frontier Analytics,ops@frontieranalytics.com,All-Purpose Cleaner (gallon),Cleaning Supplies,7,12.99,90.93,Thomas Anderson,South
2024-06-25,Northwind Traders,orders@northwind.com,Standard Copy Paper (5000 sheets),Office Supplies,3,42.99,128.97,Michael Brown,Central
2024-06-25,Starlight Events,planning@starlightevents.com,Sticky Notes Assorted (12 pack),Office Supplies,11,14.99,164.89,Michael Brown,Central
2024-06-25,Blue Ridge Farms,office@blueridgefarms.com,Disposable Cups (200 count),Break Room,13,15.99,207.87,Lisa Nakamura,South
2024-06-27,Coastal Logistics,buying@coastallogistics.com,Paper Towels (12 rolls),Cleaning Supplies,5,22.99,114.95,Jennifer Walsh,Central
2024-06-28,Harbor View Restaurant,manager@harborview.com,Water Filter Pitcher,Break Room,11,29.99,329.89,Jennifer Walsh,Central
2024-06-29,Bay Area Robotics,lab@bayarearobotics.com,Filing Cabinet 4-Drawer,Furniture,20,229.99,4599.8,Robert Chen,East
2024-06-29,Maple Creek Bakery,orders@maplecreek.com,Wireless Keyboard and Mouse Combo,Electronics,2,59.99,119.98,Thomas Anderson,South
2024-06-30,Coastal Logistics,buying@coastallogistics.com,Disposable Cups (200 count),Break Room,4,15.99,63.96,Robert Chen,East
2024-07-01,Harbor View Restaurant,manager@harborview.com,Ballpoint Pens (box of 50),Office Supplies,10,18.5,185.0,Robert Chen,East
2024-07-02,TechStart Inc,orders@techstart.io,Filing Cabinet 4-Drawer,Furniture,2,229.99,459.98,Michael Brown,Central
2024-07-02,Cascade Solutions,procurement@cascadesol.com,Standard Copy Paper (5000 sheets),Office Supplies,1,42.99,42.99,Maria Santos,East
2024-07-03,Frontier Analytics,ops@frontieranalytics.com,Ergonomic Office Chair,Furniture,17,349.99,5949.83,David Park,West
2024-07-04,Bay Area Robotics,lab@bayarearobotics.com,All-Purpose Cleaner (gallon),Cleaning Supplies,14,12.99,181.86,David Park,West
2024-07-04,Metro Dental Clinic,office@metrodental.com,Disposable Cups (200 count),Break Room,17,15.99,271.83,Lisa Nakamura,South
2024-07-07,Valley View Winery,office@valleyviewwine.com,Manila Folders (100 pack),Office Supplies,18,24.99,449.82,Michael Brown,Central
2024-07-07,Pinnacle Consulting,office@pinnacleconsult.com,Filing Cabinet 4-Drawer,Furniture,7,229.99,1609.93,Thomas Anderson,South
2024-07-08,Maple Creek Bakery,orders@maplecreek.com,Break Room Coffee (5 lb),Break Room,6,34.99,209.94,Michael Brown,Central
2024-07-08,Blue Ridge Farms,office@blueridgefarms.com,Ballpoint Pens (box of 50),Office Supplies,15,18.5,277.5,Maria Santos,East
2024-07-09,Zenith Software,it@zenithsw.com,Paper Towels (12 rolls),Cleaning Supplies,12,22.99,275.88,Maria Santos,East
2024-07-10,Brightpath Education,admin@brightpath.edu,Webcam HD 1080p,Electronics,9,79.99,719.91,Michael Brown,Central
2024-07-11,Evergreen Hotels,purchasing@evergreenhotels.com,Printer Toner Cartridge,Office Supplies,18,89.99,1619.82,Jennifer Walsh,Central
2024-07-13,Horizon Media Group,buying@horizonmg.com,27-inch LED Monitor,Electronics,3,319.99,959.97,David Park,West
2024-07-13,Phoenix Legal Group,admin@phoenixlegal.com,Tea Assortment (100 bags),Break Room,19,18.99,360.81,Sarah Mitchell,West
2024-07-13,Prairie Wind Energy,supplies@prairiewind.com,Disinfecting Wipes (4 pack),Cleaning Supplies,17,28.99,492.83,Robert Chen,East
2024-07-14,Frontier Analytics,ops@frontieranalytics.com,Disinfecting Wipes (4 pack),Cleaning Supplies,13,28.99,376.87,David Park,West
2024-07-14,Valley View Winery,office@valleyviewwine.com,All-Purpose Cleaner (gallon),Cleaning Supplies,8,12.99,103.92,David Park,West
2024-07-14,Northwind Traders,orders@northwind.com,Disposable Cups (200 count),Break Room,19,15.99,303.81,Jennifer Walsh,Central
2024-07-15,Valley View Winery,office@valleyviewwine.com,Standing Desk Converter,Furniture,19,279.99,5319.81,Robert Chen,East
2024-07-15,Harbor View Restaurant,manager@harborview.com,Noise-Canceling Headphones,Electronics,7,199.99,1399.93,Jennifer Walsh,Central
2024-07-15,Green Valley Foods,supply@greenvalley.com,Bookshelf 5-Tier,Furniture,12,159.99,1919.88,Michael Brown,Central
2024-07-16,Oakwood Properties,maintenance@oakwoodprop.com,Paper Towels (12 rolls),Cleaning Supplies,8,22.99,183.92,Michael Brown,Central
2024-07-18,Frontier Analytics,ops@frontieranalytics.com,Ballpoint Pens (box of 50),Office Supplies,14,18.5,259.0,Robert Chen,East
2024-07-18,Diamond Auto Group,parts@diamondauto.com,Standard Copy Paper (5000 sheets),Office Supplies,10,42.99,429.9,Michael Brown,Central
2024-07-18,Harbor View Restaurant,manager@harborview.com,Webcam HD 1080p,Electronics,1,79.99,79.99,Thomas Anderson,South
2024-07-20,Starlight Events,planning@starlightevents.com,Manila Folders (100 pack),Office Supplies,4,24.99,99.96,Maria Santos,East
2024-07-20,Summit Healthcare,procurement@summithealth.org,27-inch LED Monitor,Electronics,6,319.99,1919.94,Michael Brown,Central
2024-07-22,Phoenix Legal Group,admin@phoenixlegal.com,Break Room Coffee (5 lb),Break Room,2,34.99,69.98,Michael Brown,Central
2024-07-22,Bay Area Robotics,lab@bayarearobotics.com,Disposable Cups (200 count),Break Room,3,15.99,47.97,Michael Brown,Central
2024-07-22,Starlight Events,planning@starlightevents.com,Printer Toner Cartridge,Office Supplies,10,89.99,899.9,David Park,West
2024-07-23,Horizon Media Group,buying@horizonmg.com,Snack Variety Box (40 count),Break Room,10,39.99,399.9,Robert Chen,East
2024-07-24,Frontier Analytics,ops@frontieranalytics.com,All-Purpose Cleaner (gallon),Cleaning Supplies,7,12.99,90.93,Thomas Anderson,South
2024-07-29,Cascade Solutions,procurement@cascadesol.com,Webcam HD 1080p,Electronics,14,79.99,1119.86,Michael Brown,Central
2024-07-29,TechStart Inc,orders@techstart.io,Trash Bags (100 count),Cleaning Supplies,4,19.99,79.96,Michael Brown,Central
2024-07-29,Evergreen Hotels,purchasing@evergreenhotels.com,Snack Variety Box (40 count),Break Room,17,39.99,679.83,Thomas Anderson,South
2024-07-30,Crystal Clear Optics,orders@crystalclear.com,Bookshelf 5-Tier,Furniture,6,159.99,959.94,Maria Santos,East
2024-07-30,Maple Creek Bakery,orders@maplecreek.com,27-inch LED Monitor,Electronics,5,319.99,1599.95,Lisa Nakamura,South
2024-07-30,Metro Dental Clinic,office@metrodental.com,Bookshelf 5-Tier,Furniture,4,159.99,639.96,Sarah Mitchell,West
2024-07-31,Valley View Winery,office@valleyviewwine.com,Tea Assortment (100 bags),Break Room,15,18.99,284.85,David Park,West
2024-08-02,Oakwood Properties,maintenance@oakwoodprop.com,Noise-Canceling Headphones,Electronics,18,199.99,3599.82,Michael Brown,Central
2024-08-02,Northwind Traders,orders@northwind.com,Paper Towels (12 rolls),Cleaning Supplies,13,22.99,298.87,Robert Chen,East
2024-08-02,Atlas Engineering,supplies@atlaseng.com,Manila Folders (100 pack),Office Supplies,8,24.99,199.92,Sarah Mitchell,West
2024-08-02,TechStart Inc,orders@techstart.io,Filing Cabinet 4-Drawer,Furniture,20,229.99,4599.8,Lisa Nakamura,South
2024-08-03,Atlas Engineering,supplies@atlaseng.com,Hand Sanitizer (pump bottle),Cleaning Supplies,7,8.99,62.93,Maria Santos,East
2024-08-03,Brightpath Education,admin@brightpath.edu,27-inch LED Monitor,Electronics,9,319.99,2879.91,Lisa Nakamura,South
2024-08-03,Zenith Software,it@zenithsw.com,Break Room Coffee (5 lb),Break Room,1,34.99,34.99,Michael Brown,Central
2024-08-04,Coastal Logistics,buying@coastallogistics.com,Standing Desk Converter,Furniture,5,279.99,1399.95,Thomas Anderson,South
2024-08-04,Oakwood Properties,maintenance@oakwoodprop.com,Conference Table 8-Person,Furniture,10,899.99,8999.9,Thomas Anderson,South
2024-08-07,Summit Healthcare,procurement@summithealth.org,Bookshelf 5-Tier,Furniture,19,159.99,3039.81,Jennifer Walsh,Central
2024-08-07,Maple Creek Bakery,orders@maplecreek.com,Noise-Canceling Headphones,Electronics,19,199.99,3799.81,Jennifer Walsh,Central
2024-08-07,Maple Creek Bakery,orders@maplecreek.com,Printer Toner Cartridge,Office Supplies,19,89.99,1709.81,Michael Brown,Central
2024-08-07,Pinnacle Consulting,office@pinnacleconsult.com,Water Filter Pitcher,Break Room,10,29.99,299.9,Maria Santos,East
2024-08-08,Zenith Software,it@zenithsw.com,Hand Sanitizer (pump bottle),Cleaning Supplies,12,8.99,107.88,Robert Chen,East
2024-08-08,Prairie Wind Energy,supplies@prairiewind.com,Printer Toner Cartridge,Office Supplies,3,89.99,269.97,Lisa Nakamura,South
2024-08-11,Maple Creek Bakery,orders@maplecreek.com,Water Filter Pitcher,Break Room,3,29.99,89.97,Michael Brown,Central
2024-08-12,Redwood Manufacturing,orders@redwoodmfg.com,Ballpoint Pens (box of 50),Office Supplies,15,18.5,277.5,Robert Chen,East
2024-08-13,Blue Ridge Farms,office@blueridgefarms.com,Filing Cabinet 4-Drawer,Furniture,16,229.99,3679.84,Thomas Anderson,South
2024-08-13,Summit Healthcare,procurement@summithealth.org,Paper Towels (12 rolls),Cleaning Supplies,4,22.99,91.96,Michael Brown,Central
2024-08-13,Pacific Design Studio,hello@pacificdesign.co,Wireless Keyboard and Mouse Combo,Electronics,13,59.99,779.87,Lisa Nakamura,South
2024-08-13,Green Valley Foods,supply@greenvalley.com,Water Filter Pitcher,Break Room,6,29.99,179.94,Sarah Mitchell,West
2024-08-14,Coastal Logistics,buying@coastallogistics.com,Webcam HD 1080p,Electronics,15,79.99,1199.85,Michael Brown,Central
2024-08-14,Cascade Solutions,procurement@cascadesol.com,Hand Sanitizer (pump bottle),Cleaning Supplies,3,8.99,26.97,Maria Santos,East
2024-08-15,Evergreen Hotels,purchasing@evergreenhotels.com,Wireless Keyboard and Mouse Combo,Electronics,15,59.99,899.85,Robert Chen,East
2024-08-16,Bay Area Robotics,lab@bayarearobotics.com,Snack Variety Box (40 count),Break Room,18,39.99,719.82,Lisa Nakamura,South
2024-08-16,Blue Ridge Farms,office@blueridgefarms.com,Disposable Cups (200 count),Break Room,5,15.99,79.95,Thomas Anderson,South
2024-08-16,Green Valley Foods,supply@greenvalley.com,27-inch LED Monitor,Electronics,10,319.99,3199.9,Jennifer Walsh,Central
2024-08-17,Evergreen Hotels,purchasing@evergreenhotels.com,Break Room Coffee (5 lb),Break Room,8,34.99,279.92,Lisa Nakamura,South
2024-08-17,Horizon Media Group,buying@horizonmg.com,Bookshelf 5-Tier,Furniture,16,159.99,2559.84,Thomas Anderson,South
2024-08-17,Pacific Design Studio,hello@pacificdesign.co,Snack Variety Box (40 count),Break Room,16,39.99,639.84,David Park,West
2024-08-18,Green Valley Foods,supply@greenvalley.com,Ergonomic Office Chair,Furniture,14,349.99,4899.86,Sarah Mitchell,West
2024-08-18,Summit Healthcare,procurement@summithealth.org,Webcam HD 1080p,Electronics,8,79.99,639.92,David Park,West
2024-08-18,Atlas Engineering,supplies@atlaseng.com,Printer Toner Cartridge,Office Supplies,17,89.99,1529.83,Lisa Nakamura,South
2024-08-20,Harbor View Restaurant,manager@harborview.com,USB-C Docking Station,Electronics,7,149.99,1049.93,Michael Brown,Central
2024-08-20,Prairie Wind Energy,supplies@prairiewind.com,Disposable Cups (200 count),Break Room,10,15.99,159.9,Lisa Nakamura,South
2024-08-22,Crystal Clear Optics,orders@crystalclear.com,Tea Assortment (100 bags),Break Room,1,18.99,18.99,David Park,West
2024-08-23,Valley View Winery,office@valleyviewwine.com,All-Purpose Cleaner (gallon),Cleaning Supplies,7,12.99,90.93,Robert Chen,East
2024-08-23,Summit Healthcare,procurement@summithealth.org,Bookshelf 5-Tier,Furniture,9,159.99,1439.91,Thomas Anderson,South
2024-08-24,Metro Dental Clinic,office@metrodental.com,Ergonomic Office Chair,Furniture,6,349.99,2099.94,Robert Chen,East
2024-08-25,Crystal Clear Optics,orders@crystalclear.com,Manila Folders (100 pack),Office Supplies,5,24.99,124.95,Thomas Anderson,South
2024-08-26,Frontier Analytics,ops@frontieranalytics.com,Webcam HD 1080p,Electronics,18,79.99,1439.82,Michael Brown,Central
2024-08-27,Brightpath Education,admin@brightpath.edu,Disposable Cups (200 count),Break Room,6,15.99,95.94,Lisa Nakamura,South
2024-08-27,Prairie Wind Energy,supplies@prairiewind.com,Filing Cabinet 4-Drawer,Furniture,4,229.99,919.96,Michael Brown,Central
2024-08-28,Frontier Analytics,ops@frontieranalytics.com,Break Room Coffee (5 lb),Break Room,3,34.99,104.97,Thomas Anderson,South
2024-08-28,Frontier Analytics,ops@frontieranalytics.com,Break Room Coffee (5 lb),Break Room,3,34.99,104.97,Maria Santos,East
2024-08-28,Green Valley Foods,supply@greenvalley.com,Paper Towels (12 rolls),Cleaning Supplies,13,22.99,298.87,Sarah Mitchell,West
2024-08-30,Summit Healthcare,procurement@summithealth.org,Snack Variety Box (40 count),Break Room,8,39.99,319.92,Thomas Anderson,South
2024-08-30,Maple Creek Bakery,orders@maplecreek.com,Disposable Cups (200 count),Break Room,17,15.99,271.83,Robert Chen,East
2024-08-30,Crystal Clear Optics,orders@crystalclear.com,Filing Cabinet 4-Drawer,Furniture,18,229.99,4139.82,Lisa Nakamura,South
2024-08-30,TechStart Inc,orders@techstart.io,Ballpoint Pens (box of 50),Office Supplies,11,18.5,203.5,Maria Santos,East
2024-08-31,Metro Dental Clinic,office@metrodental.com,Standing Desk Converter,Furniture,20,279.99,5599.8,Michael Brown,Central
2024-09-01,Brightpath Education,admin@brightpath.edu,Ergonomic Office Chair,Furniture,9,349.99,3149.91,Sarah Mitchell,West
2024-09-02,Maple Creek Bakery,orders@maplecreek.com,Break Room Coffee (5 lb),Break Room,2,34.99,69.98,Sarah Mitchell,West
2024-09-02,Coastal Logistics,buying@coastallogistics.com,Water Filter Pitcher,Break Room,11,29.99,329.89,Thomas Anderson,South
2024-09-03,Crystal Clear Optics,orders@crystalclear.com,Conference Table 8-Person,Furniture,9,899.99,8099.91,Maria Santos,East
2024-09-04,Zenith Software,it@zenithsw.com,Water Filter Pitcher,Break Room,14,29.99,419.86,Jennifer Walsh,Central
2024-09-05,Horizon Media Group,buying@horizonmg.com,Bookshelf 5-Tier,Furniture,17,159.99,2719.83,Jennifer Walsh,Central
2024-09-07,Cascade Solutions,procurement@cascadesol.com,Break Room Coffee (5 lb),Break Room,17,34.99,594.83,Jennifer Walsh,Central
2024-09-08,Valley View Winery,office@valleyviewwine.com,USB-C Docking Station,Electronics,4,149.99,599.96,Lisa Nakamura,South
2024-09-09,Summit Healthcare,procurement@summithealth.org,Ballpoint Pens (box of 50),Office Supplies,10,18.5,185.0,Sarah Mitchell,West
2024-09-10,Phoenix Legal Group,admin@phoenixlegal.com,Break Room Coffee (5 lb),Break Room,13,34.99,454.87,Robert Chen,East
2024-09-11,Blue Ridge Farms,office@blueridgefarms.com,Disposable Cups (200 count),Break Room,20,15.99,319.8,Sarah Mitchell,West
2024-09-11,Phoenix Legal Group,admin@phoenixlegal.com,USB-C Docking Station,Electronics,6,149.99,899.94,Michael Brown,Central
2024-09-12,Coastal Logistics,buying@coastallogistics.com,Paper Towels (12 rolls),Cleaning Supplies,20,22.99,459.8,Michael Brown,Central
2024-09-13,Summit Healthcare,procurement@summithealth.org,Hand Sanitizer (pump bottle),Cleaning Supplies,17,8.99,152.83,Michael Brown,Central
2024-09-14,Horizon Media Group,buying@horizonmg.com,Wireless Keyboard and Mouse Combo,Electronics,15,59.99,899.85,David Park,West
2024-09-14,Blue Ridge Farms,office@blueridgefarms.com,Ergonomic Office Chair,Furniture,14,349.99,4899.86,Maria Santos,East
2024-09-16,Atlas Engineering,supplies@atlaseng.com,Conference Table 8-Person,Furniture,12,899.99,10799.88,Sarah Mitchell,West
2024-09-17,Blue Ridge Farms,office@blueridgefarms.com,All-Purpose Cleaner (gallon),Cleaning Supplies,2,12.99,25.98,Maria Santos,East
2024-09-17,Evergreen Hotels,purchasing@evergreenhotels.com,Water Filter Pitcher,Break Room,12,29.99,359.88,Maria Santos,East
2024-09-18,Green Valley Foods,supply@greenvalley.com,Paper Towels (12 rolls),Cleaning Supplies,17,22.99,390.83,David Park,West
2024-09-19,Maple Creek Bakery,orders@maplecreek.com,Webcam HD 1080p,Electronics,7,79.99,559.93,Jennifer Walsh,Central
2024-09-19,Horizon Media Group,buying@horizonmg.com,Ergonomic Office Chair,Furniture,15,349.99,5249.85,Jennifer Walsh,Central
2024-09-19,Cascade Solutions,procurement@cascadesol.com,Break Room Coffee (5 lb),Break Room,12,34.99,419.88,Lisa Nakamura,South
2024-09-20,Phoenix Legal Group,admin@phoenixlegal.com,Ballpoint Pens (box of 50),Office Supplies,3,18.5,55.5,Michael Brown,Central
2024-09-20,Coastal Logistics,buying@coastallogistics.com,Tea Assortment (100 bags),Break Room,16,18.99,303.84,Maria Santos,East
2024-09-20,Zenith Software,it@zenithsw.com,Noise-Canceling Headphones,Electronics,20,199.99,3999.8,Maria Santos,East
2024-09-21,Cascade Solutions,procurement@cascadesol.com,Break Room Coffee (5 lb),Break Room,15,34.99,524.85,Michael Brown,Central
2024-09-22,TechStart Inc,orders@techstart.io,Tea Assortment (100 bags),Break Room,16,18.99,303.84,Maria Santos,East
2024-09-22,Crystal Clear Optics,orders@crystalclear.com,All-Purpose Cleaner (gallon),Cleaning Supplies,5,12.99,64.95,Sarah Mitchell,West
2024-09-25,Northwind Traders,orders@northwind.com,All-Purpose Cleaner (gallon),Cleaning Supplies,19,12.99,246.81,Jennifer Walsh,Central
2024-09-26,Harbor View Restaurant,manager@harborview.com,Ballpoint Pens (box of 50),Office Supplies,14,18.5,259.0,Maria Santos,East
2024-09-26,Coastal Logistics,buying@coastallogistics.com,Hand Sanitizer (pump bottle),Cleaning Supplies,16,8.99,143.84,Michael Brown,Central
2024-09-28,Blue Ridge Farms,office@blueridgefarms.com,Wireless Keyboard and Mouse Combo,Electronics,18,59.99,1079.82,Thomas Anderson,South
2024-09-29,Green Valley Foods,supply@greenvalley.com,Snack Variety Box (40 count),Break Room,3,39.99,119.97,Thomas Anderson,South
2024-09-29,Oakwood Properties,maintenance@oakwoodprop.com,27-inch LED Monitor,Electronics,15,319.99,4799.85,Maria Santos,East
2024-09-30,Atlas Engineering,supplies@atlaseng.com,Tea Assortment (100 bags),Break Room,8,18.99,151.92,Thomas Anderson,South
2024-10-01,Diamond Auto Group,parts@diamondauto.com,Disinfecting Wipes (4 pack),Cleaning Supplies,10,28.99,289.9,Thomas Anderson,South
2024-10-02,Starlight Events,planning@starlightevents.com,Trash Bags (100 count),Cleaning Supplies,3,19.99,59.97,David Park,West
2024-10-02,Northwind Traders,orders@northwind.com,Paper Towels (12 rolls),Cleaning Supplies,20,22.99,459.8,Jennifer Walsh,Central
2024-10-03,Coastal Logistics,buying@coastallogistics.com,Sticky Notes Assorted (12 pack),Office Supplies,6,14.99,89.94,Michael Brown,Central
2024-10-03,Redwood Manufacturing,orders@redwoodmfg.com,Conference Table 8-Person,Furniture,7,899.99,6299.93,Lisa Nakamura,South
2024-10-03,Pinnacle Consulting,office@pinnacleconsult.com,Conference Table 8-Person,Furniture,7,899.99,6299.93,Thomas Anderson,South
2024-10-03,Harbor View Restaurant,manager@harborview.com,Printer Toner Cartridge,Office Supplies,1,89.99,89.99,Thomas Anderson,South
2024-10-04,Atlas Engineering,supplies@atlaseng.com,Standing Desk Converter,Furniture,19,279.99,5319.81,Sarah Mitchell,West
2024-10-05,Prairie Wind Energy,supplies@prairiewind.com,Standing Desk Converter,Furniture,4,279.99,1119.96,Lisa Nakamura,South
2024-10-05,Pinnacle Consulting,office@pinnacleconsult.com,Wireless Keyboard and Mouse Combo,Electronics,12,59.99,719.88,David Park,West
2024-10-08,Horizon Media Group,buying@horizonmg.com,Sticky Notes Assorted (12 pack),Office Supplies,16,14.99,239.84,Maria Santos,East
2024-10-09,Green Valley Foods,supply@greenvalley.com,Ergonomic Office Chair,Furniture,6,349.99,2099.94,Robert Chen,East
2024-10-09,Golden Gate Fitness,supplies@ggfitness.com,All-Purpose Cleaner (gallon),Cleaning Supplies,11,12.99,142.89,Michael Brown,Central
2024-10-10,Pinnacle Consulting,office@pinnacleconsult.com,Sticky Notes Assorted (12 pack),Office Supplies,3,14.99,44.97,Robert Chen,East
2024-10-10,Prairie Wind Energy,supplies@prairiewind.com,All-Purpose Cleaner (gallon),Cleaning Supplies,12,12.99,155.88,Sarah Mitchell,West
2024-10-10,Oakwood Properties,maintenance@oakwoodprop.com,Ballpoint Pens (box of 50),Office Supplies,12,18.5,222.0,Robert Chen,East
2024-10-11,Green Valley Foods,supply@greenvalley.com,Bookshelf 5-Tier,Furniture,16,159.99,2559.84,Lisa Nakamura,South
2024-10-11,Northwind Traders,orders@northwind.com,Snack Variety Box (40 count),Break Room,5,39.99,199.95,Michael Brown,Central
2024-10-12,Green Valley Foods,supply@greenvalley.com,Sticky Notes Assorted (12 pack),Office Supplies,13,14.99,194.87,Robert Chen,East
2024-10-12,Diamond Auto Group,parts@diamondauto.com,Standing Desk Converter,Furniture,9,279.99,2519.91,Robert Chen,East
2024-10-13,Summit Healthcare,procurement@summithealth.org,USB-C Docking Station,Electronics,17,149.99,2549.83,Robert Chen,East
2024-10-14,Pinnacle Consulting,office@pinnacleconsult.com,All-Purpose Cleaner (gallon),Cleaning Supplies,20,12.99,259.8,Sarah Mitchell,West
2024-10-14,Oakwood Properties,maintenance@oakwoodprop.com,Sticky Notes Assorted (12 pack),Office Supplies,17,14.99,254.83,Michael Brown,Central
2024-10-18,Cascade Solutions,procurement@cascadesol.com,Bookshelf 5-Tier,Furniture,4,159.99,639.96,Lisa Nakamura,South
2024-10-18,Cascade Solutions,procurement@cascadesol.com,USB-C Docking Station,Electronics,20,149.99,2999.8,Maria Santos,East
2024-10-18,Phoenix Legal Group,admin@phoenixlegal.com,Noise-Canceling Headphones,Electronics,15,199.99,2999.85,Robert Chen,East
2024-10-19,Golden Gate Fitness,supplies@ggfitness.com,Snack Variety Box (40 count),Break Room,15,39.99,599.85,Sarah Mitchell,West
2024-10-19,Acme Corp,purchasing@acmecorp.com,Disinfecting Wipes (4 pack),Cleaning Supplies,8,28.99,231.92,Michael Brown,Central
2024-10-19,Horizon Media Group,buying@horizonmg.com,Trash Bags (100 count),Cleaning Supplies,7,19.99,139.93,Jennifer Walsh,Central
2024-10-21,Pacific Design Studio,hello@pacificdesign.co,Trash Bags (100 count),Cleaning Supplies,10,19.99,199.9,Sarah Mitchell,West
2024-10-21,Bay Area Robotics,lab@bayarearobotics.com,All-Purpose Cleaner (gallon),Cleaning Supplies,17,12.99,220.83,Sarah Mitchell,West
2024-10-22,Frontier Analytics,ops@frontieranalytics.com,Disinfecting Wipes (4 pack),Cleaning Supplies,13,28.99,376.87,David Park,West
2024-10-22,Bay Area Robotics,lab@bayarearobotics.com,Trash Bags (100 count),Cleaning Supplies,9,19.99,179.91,Sarah Mitchell,West
2024-10-22,Starlight Events,planning@starlightevents.com,Filing Cabinet 4-Drawer,Furniture,4,229.99,919.96,Michael Brown,Central
2024-10-24,Valley View Winery,office@valleyviewwine.com,Printer Toner Cartridge,Office Supplies,15,89.99,1349.85,Lisa Nakamura,South
2024-10-25,Starlight Events,planning@starlightevents.com,USB-C Docking Station,Electronics,16,149.99,2399.84,Robert Chen,East
2024-10-25,Diamond Auto Group,parts@diamondauto.com,Conference Table 8-Person,Furniture,2,899.99,1799.98,Robert Chen,East
2024-10-26,Metro Dental Clinic,office@metrodental.com,Noise-Canceling Headphones,Electronics,6,199.99,1199.94,Jennifer Walsh,Central
2024-10-27,Bay Area Robotics,lab@bayarearobotics.com,Standard Copy Paper (5000 sheets),Office Supplies,10,42.99,429.9,Jennifer Walsh,Central
2024-10-27,Harbor View Restaurant,manager@harborview.com,Sticky Notes Assorted (12 pack),Office Supplies,20,14.99,299.8,David Park,West
2024-10-28,Valley View Winery,office@valleyviewwine.com,Manila Folders (100 pack),Office Supplies,14,24.99,349.86,Robert Chen,East
2024-10-30,Crystal Clear Optics,orders@crystalclear.com,Sticky Notes Assorted (12 pack),Office Supplies,13,14.99,194.87,Sarah Mitchell,West
2024-10-30,Horizon Media Group,buying@horizonmg.com,All-Purpose Cleaner (gallon),Cleaning Supplies,14,12.99,181.86,Thomas Anderson,South
2024-10-31,Green Valley Foods,supply@greenvalley.com,Ballpoint Pens (box of 50),Office Supplies,10,18.5,185.0,Maria Santos,East
2024-10-31,Metro Dental Clinic,office@metrodental.com,Water Filter Pitcher,Break Room,5,29.99,149.95,Lisa Nakamura,South
2024-11-01,Silverline Media,production@silverlinemedia.com,Conference Table 8-Person,Furniture,9,899.99,8099.91,Michael Brown,Central
2024-11-01,Pacific Design Studio,hello@pacificdesign.co,Hand Sanitizer (pump bottle),Cleaning Supplies,20,8.99,179.8,Lisa Nakamura,South
2024-11-01,Starlight Events,planning@starlightevents.com,Break Room Coffee (5 lb),Break Room,13,34.99,454.87,Michael Brown,Central
2024-11-01,Pacific Design Studio,hello@pacificdesign.co,Webcam HD 1080p,Electronics,1,79.99,79.99,Jennifer Walsh,Central
2024-11-02,Atlas Engineering,supplies@atlaseng.com,Ballpoint Pens (box of 50),Office Supplies,13,18.5,240.5,Robert Chen,East
2024-11-05,Starlight Events,planning@starlightevents.com,Ballpoint Pens (box of 50),Office Supplies,11,18.5,203.5,Lisa Nakamura,South
2024-11-05,Zenith Software,it@zenithsw.com,Filing Cabinet 4-Drawer,Furniture,17,229.99,3909.83,Thomas Anderson,South
2024-11-06,Maple Creek Bakery,orders@maplecreek.com,Disposable Cups (200 count),Break Room,16,15.99,255.84,Lisa Nakamura,South
2024-11-07,Silverline Media,production@silverlinemedia.com,Standing Desk Converter,Furniture,3,279.99,839.97,Jennifer Walsh,Central
2024-11-07,Valley View Winery,office@valleyviewwine.com,Break Room Coffee (5 lb),Break Room,17,34.99,594.83,Jennifer Walsh,Central
2024-11-07,Harbor View Restaurant,manager@harborview.com,Standing Desk Converter,Furniture,18,279.99,5039.82,Maria Santos,East
2024-11-08,Acme Corp,purchasing@acmecorp.com,Ballpoint Pens (box of 50),Office Supplies,16,18.5,296.0,Robert Chen,East
2024-11-08,Frontier Analytics,ops@frontieranalytics.com,Wireless Keyboard and Mouse Combo,Electronics,15,59.99,899.85,Robert Chen,East
2024-11-08,Brightpath Education,admin@brightpath.edu,Hand Sanitizer (pump bottle),Cleaning Supplies,9,8.99,80.91,Michael Brown,Central
2024-11-09,Cascade Solutions,procurement@cascadesol.com,Paper Towels (12 rolls),Cleaning Supplies,15,22.99,344.85,Michael Brown,Central
2024-11-09,Evergreen Hotels,purchasing@evergreenhotels.com,Standing Desk Converter,Furniture,17,279.99,4759.83,Lisa Nakamura,South
2024-11-12,Oakwood Properties,maintenance@oakwoodprop.com,Standard Copy Paper (5000 sheets),Office Supplies,6,42.99,257.94,Michael Brown,Central
2024-11-12,Zenith Software,it@zenithsw.com,Tea Assortment (100 bags),Break Room,11,18.99,208.89,Sarah Mitchell,West
2024-11-16,Valley View Winery,office@valleyviewwine.com,Hand Sanitizer (pump bottle),Cleaning Supplies,11,8.99,98.89,Lisa Nakamura,South
2024-11-16,Coastal Logistics,buying@coastallogistics.com,Break Room Coffee (5 lb),Break Room,5,34.99,174.95,Jennifer Walsh,Central
2024-11-17,Cascade Solutions,procurement@cascadesol.com,Tea Assortment (100 bags),Break Room,4,18.99,75.96,Maria Santos,East
2024-11-17,Horizon Media Group,buying@horizonmg.com,Tea Assortment (100 bags),Break Room,6,18.99,113.94,David Park,West
2024-11-17,Frontier Analytics,ops@frontieranalytics.com,Disinfecting Wipes (4 pack),Cleaning Supplies,16,28.99,463.84,Sarah Mitchell,West
2024-11-19,Maple Creek Bakery,orders@maplecreek.com,Printer Toner Cartridge,Office Supplies,15,89.99,1349.85,Thomas Anderson,South
2024-11-20,Northwind Traders,orders@northwind.com,Printer Toner Cartridge,Office Supplies,4,89.99,359.96,Lisa Nakamura,South
2024-11-21,Brightpath Education,admin@brightpath.edu,Disinfecting Wipes (4 pack),Cleaning Supplies,3,28.99,86.97,Robert Chen,East
2024-11-22,TechStart Inc,orders@techstart.io,Standard Copy Paper (5000 sheets),Office Supplies,5,42.99,214.95,Michael Brown,Central
2024-11-22,TechStart Inc,orders@techstart.io,Hand Sanitizer (pump bottle),Cleaning Supplies,5,8.99,44.95,Jennifer Walsh,Central
2024-11-23,Zenith Software,it@zenithsw.com,Wireless Keyboard and Mouse Combo,Electronics,18,59.99,1079.82,Maria Santos,East
2024-11-24,Valley View Winery,office@valleyviewwine.com,Printer Toner Cartridge,Office Supplies,12,89.99,1079.88,Jennifer Walsh,Central
2024-11-24,Atlas Engineering,supplies@atlaseng.com,Disinfecting Wipes (4 pack),Cleaning Supplies,17,28.99,492.83,David Park,West
2024-11-24,Bay Area Robotics,lab@bayarearobotics.com,Standard Copy Paper (5000 sheets),Office Supplies,2,42.99,85.98,David Park,West
2024-11-25,Blue Ridge Farms,office@blueridgefarms.com,Disposable Cups (200 count),Break Room,3,15.99,47.97,Sarah Mitchell,West
2024-11-25,Diamond Auto Group,parts@diamondauto.com,Noise-Canceling Headphones,Electronics,19,199.99,3799.81,Thomas Anderson,South
2024-11-26,Coastal Logistics,buying@coastallogistics.com,Tea Assortment (100 bags),Break Room,12,18.99,227.88,Michael Brown,Central
2024-11-26,TechStart Inc,orders@techstart.io,Wireless Keyboard and Mouse Combo,Electronics,3,59.99,179.97,Jennifer Walsh,Central
2024-11-26,Prairie Wind Energy,supplies@prairiewind.com,27-inch LED Monitor,Electronics,17,319.99,5439.83,David Park,West
2024-11-28,Zenith Software,it@zenithsw.com,Wireless Keyboard and Mouse Combo,Electronics,11,59.99,659.89,Lisa Nakamura,South
2024-11-29,Maple Creek Bakery,orders@maplecreek.com,Hand Sanitizer (pump bottle),Cleaning Supplies,2,8.99,17.98,David Park,West
2024-11-29,TechStart Inc,orders@techstart.io,Wireless Keyboard and Mouse Combo,Electronics,3,59.99,179.97,Robert Chen,East
2024-11-30,Redwood Manufacturing,orders@redwoodmfg.com,Noise-Canceling Headphones,Electronics,20,199.99,3999.8,Jennifer Walsh,Central
2024-12-01,Green Valley Foods,supply@greenvalley.com,Standing Desk Converter,Furniture,7,279.99,1959.93,Michael Brown,Central
2024-12-01,Blue Ridge Farms,office@blueridgefarms.com,Snack Variety Box (40 count),Break Room,14,39.99,559.86,Maria Santos,East
2024-12-01,Evergreen Hotels,purchasing@evergreenhotels.com,Printer Toner Cartridge,Office Supplies,15,89.99,1349.85,Michael Brown,Central
2024-12-02,Prairie Wind Energy,supplies@prairiewind.com,Webcam HD 1080p,Electronics,20,79.99,1599.8,Sarah Mitchell,West
2024-12-02,Acme Corp,purchasing@acmecorp.com,Ergonomic Office Chair,Furniture,19,349.99,6649.81,Maria Santos,East
2024-12-03,Redwood Manufacturing,orders@redwoodmfg.com,Trash Bags (100 count),Cleaning Supplies,6,19.99,119.94,Maria Santos,East
2024-12-04,Horizon Media Group,buying@horizonmg.com,Standing Desk Converter,Furniture,9,279.99,2519.91,Robert Chen,East
2024-12-04,Cascade Solutions,procurement@cascadesol.com,Bookshelf 5-Tier,Furniture,19,159.99,3039.81,Jennifer Walsh,Central
2024-12-05,Oakwood Properties,maintenance@oakwoodprop.com,Water Filter Pitcher,Break Room,10,29.99,299.9,Robert Chen,East
2024-12-05,Northwind Traders,orders@northwind.com,All-Purpose Cleaner (gallon),Cleaning Supplies,13,12.99,168.87,Lisa Nakamura,South
2024-12-07,Cascade Solutions,procurement@cascadesol.com,Disposable Cups (200 count),Break Room,17,15.99,271.83,Thomas Anderson,South
2024-12-08,Acme Corp,purchasing@acmecorp.com,Ergonomic Office Chair,Furniture,14,349.99,4899.86,Michael Brown,Central
2024-12-09,Silverline Media,production@silverlinemedia.com,Webcam HD 1080p,Electronics,11,79.99,879.89,Michael Brown,Central
2024-12-10,Golden Gate Fitness,supplies@ggfitness.com,Manila Folders (100 pack),Office Supplies,12,24.99,299.88,Thomas Anderson,South
2024-12-10,Diamond Auto Group,parts@diamondauto.com,Standard Copy Paper (5000 sheets),Office Supplies,11,42.99,472.89,Michael Brown,Central
2024-12-11,Harbor View Restaurant,manager@harborview.com,Standard Copy Paper (5000 sheets),Office Supplies,8,42.99,343.92,David Park,West
2024-12-11,Oakwood Properties,maintenance@oakwoodprop.com,Break Room Coffee (5 lb),Break Room,11,34.99,384.89,David Park,West
2024-12-11,Bay Area Robotics,lab@bayarearobotics.com,Break Room Coffee (5 lb),Break Room,4,34.99,139.96,Michael Brown,Central
2024-12-14,Valley View Winery,office@valleyviewwine.com,Manila Folders (100 pack),Office Supplies,6,24.99,149.94,Maria Santos,East
2024-12-14,Metro Dental Clinic,office@metrodental.com,Printer Toner Cartridge,Office Supplies,15,89.99,1349.85,Thomas Anderson,South
2024-12-14,Horizon Media Group,buying@horizonmg.com,Hand Sanitizer (pump bottle),Cleaning Supplies,20,8.99,179.8,Jennifer Walsh,Central
2024-12-14,Diamond Auto Group,parts@diamondauto.com,Ergonomic Office Chair,Furniture,5,349.99,1749.95,Lisa Nakamura,South
2024-12-14,Brightpath Education,admin@brightpath.edu,Water Filter Pitcher,Break Room,4,29.99,119.96,Thomas Anderson,South
2024-12-15,Pinnacle Consulting,office@pinnacleconsult.com,Paper Towels (12 rolls),Cleaning Supplies,19,22.99,436.81,Lisa Nakamura,South
2024-12-19,Silverline Media,production@silverlinemedia.com,Trash Bags (100 count),Cleaning Supplies,14,19.99,279.86,Jennifer Walsh,Central
2024-12-19,Starlight Events,planning@starlightevents.com,Water Filter Pitcher,Break Room,6,29.99,179.94,Lisa Nakamura,South
2024-12-20,Prairie Wind Energy,supplies@prairiewind.com,Conference Table 8-Person,Furniture,20,899.99,17999.8,Michael Brown,Central
2024-12-21,Pacific Design Studio,hello@pacificdesign.co,Ergonomic Office Chair,Furniture,14,349.99,4899.86,Michael Brown,Central
2024-12-21,Evergreen Hotels,purchasing@evergreenhotels.com,Manila Folders (100 pack),Office Supplies,6,24.99,149.94,Thomas Anderson,South
2024-12-22,Cascade Solutions,procurement@cascadesol.com,Webcam HD 1080p,Electronics,13,79.99,1039.87,Michael Brown,Central
2024-12-22,Horizon Media Group,buying@horizonmg.com,Webcam HD 1080p,Electronics,6,79.99,479.94,Robert Chen,East
2024-12-22,Blue Ridge Farms,office@blueridgefarms.com,Water Filter Pitcher,Break Room,4,29.99,119.96,Robert Chen,East
2024-12-22,Bay Area Robotics,lab@bayarearobotics.com,Break Room Coffee (5 lb),Break Room,15,34.99,524.85,Maria Santos,East
2024-12-22,Bay Area Robotics,lab@bayarearobotics.com,Hand Sanitizer (pump bottle),Cleaning Supplies,18,8.99,161.82,Jennifer Walsh,Central
2024-12-23,Blue Ridge Farms,office@blueridgefarms.com,Conference Table 8-Person,Furniture,6,899.99,5399.94,Sarah Mitchell,West
2024-12-23,Golden Gate Fitness,supplies@ggfitness.com,Sticky Notes Assorted (12 pack),Office Supplies,15,14.99,224.85,Jennifer Walsh,Central
2024-12-25,Silverline Media,production@silverlinemedia.com,Webcam HD 1080p,Electronics,12,79.99,959.88,Michael Brown,Central
2024-12-26,Atlas Engineering,supplies@atlaseng.com,Bookshelf 5-Tier,Furniture,10,159.99,1599.9,Jennifer Walsh,Central
2024-12-27,Harbor View Restaurant,manager@harborview.com,Ergonomic Office Chair,Furniture,18,349.99,6299.82,Thomas Anderson,South
2024-12-27,TechStart Inc,orders@techstart.io,Filing Cabinet 4-Drawer,Furniture,5,229.99,1149.95,Thomas Anderson,South
2024-12-29,Maple Creek Bakery,orders@maplecreek.com,Printer Toner Cartridge,Office Supplies,12,89.99,1079.88,Michael Brown,Central
2024-12-29,Atlas Engineering,supplies@atlaseng.com,Ergonomic Office Chair,Furniture,11,349.99,3849.89,Maria Santos,East
2024-12-31,Summit Healthcare,procurement@summithealth.org,Printer Toner Cartridge,Office Supplies,6,89.99,539.94,Thomas Anderson,South
